"instruction","match_string","sim__disasm_format","imm_type","rd_used","rd_regfile{params_pkg::regfile_sel_e|REGFILE_SEL_}","rs1_used","rs1_regfile{params_pkg::regfile_sel_e|REGFILE_SEL_}","rs2_used","rs2_regfile{params_pkg::regfile_sel_e|REGFILE_SEL_}","rs3_used","rs3_regfile{params_pkg::regfile_sel_e|REGFILE_SEL_}","hazards(FFLAGS)","hazards(FRM)","fu_sel{params_pkg::function_unit_e|FUNCTION_UNIT_}","csrr_src","csrw_method","fflags_update","alu_funct","alu_addy_funct","alu_op1_sel","alu_op2_sel","fpu_opcode{fpnew_pkg::operation_e}","fpu_op_modifier","fpu_op0_sel","fpu_op1_sel","fpu_op2_sel","bj_type","'barr_load","'barr_sync","'yield","'mem_active","'mem_loadstore","'mem_opsize","'mem_store_source","'mem_extendmode","'is_jalr","'is_lr","'is_sc","'is_wdone"
,,,,,,,,,,,,,,,,,,,,,,,,,,,,,,,,,,,,,,,
"'OP-type instructions",,,,,,,,,,,,,,,,,,,,,,,,,,,,,,,,,,,,,,,
"ADD","0000000_?????_?????_000_?????_01100","add $d, $1, $2","x",1,"I",1,"I",1,"I",0,"x","IGN","IGN","ALU","x","x","NONE","ADDY","ADD","RS1","RS2","x","x","x","x","x","NONE",0,0,0,0,"x","x","x","x",0,0,0,0
"SH1ADD","0010000_?????_?????_010_?????_01100","sh1add $d, $1, $2","x",1,"I",1,"I",1,"I",0,"x","IGN","IGN","ALU","x","x","NONE","ADDY","SH1ADD","RS1","RS2","x","x","x","x","x","NONE",0,0,0,0,"x","x","x","x",0,0,0,0
"SH2ADD","0010000_?????_?????_100_?????_01100","sh2add $d, $1, $2","x",1,"I",1,"I",1,"I",0,"x","IGN","IGN","ALU","x","x","NONE","ADDY","SH2ADD","RS1","RS2","x","x","x","x","x","NONE",0,0,0,0,"x","x","x","x",0,0,0,0
"SH3ADD","0010000_?????_?????_110_?????_01100","sh3add $d, $1, $2","x",1,"I",1,"I",1,"I",0,"x","IGN","IGN","ALU","x","x","NONE","ADDY","SH3ADD","RS1","RS2","x","x","x","x","x","NONE",0,0,0,0,"x","x","x","x",0,0,0,0
"SUB","0100000_?????_?????_000_?????_01100","sub $d, $1, $2","x",1,"I",1,"I",1,"I",0,"x","IGN","IGN","ALU","x","x","NONE","ADDY","SUB","RS1","RS2","x","x","x","x","x","NONE",0,0,0,0,"x","x","x","x",0,0,0,0
"SLL","0000000_?????_?????_001_?????_01100","sll $d, $1, $2","x",1,"I",1,"I",1,"I",0,"x","IGN","IGN","ALU","x","x","NONE","SLL","x","RS1","RS2","x","x","x","x","x","NONE",0,0,0,0,"x","x","x","x",0,0,0,0
"SLT","0000000_?????_?????_010_?????_01100","slt $d, $1, $2","x",1,"I",1,"I",1,"I",0,"x","IGN","IGN","ALU","x","x","NONE","SLT","x","RS1","RS2","x","x","x","x","x","NONE",0,0,0,0,"x","x","x","x",0,0,0,0
"SLTU","0000000_?????_?????_011_?????_01100","sltu $d, $1, $2","x",1,"I",1,"I",1,"I",0,"x","IGN","IGN","ALU","x","x","NONE","SLTU","x","RS1","RS2","x","x","x","x","x","NONE",0,0,0,0,"x","x","x","x",0,0,0,0
"XOR","0000000_?????_?????_100_?????_01100","xor $d, $1, $2","x",1,"I",1,"I",1,"I",0,"x","IGN","IGN","ALU","x","x","NONE","XOR","x","RS1","RS2","x","x","x","x","x","NONE",0,0,0,0,"x","x","x","x",0,0,0,0
"SRL","0000000_?????_?????_101_?????_01100","srl $d, $1, $2","x",1,"I",1,"I",1,"I",0,"x","IGN","IGN","ALU","x","x","NONE","SRL","x","RS1","RS2","x","x","x","x","x","NONE",0,0,0,0,"x","x","x","x",0,0,0,0
"SRA","0100000_?????_?????_101_?????_01100","sra $d, $1, $2","x",1,"I",1,"I",1,"I",0,"x","IGN","IGN","ALU","x","x","NONE","SRA","x","RS1","RS2","x","x","x","x","x","NONE",0,0,0,0,"x","x","x","x",0,0,0,0
"OR","0000000_?????_?????_110_?????_01100","or $d, $1, $2","x",1,"I",1,"I",1,"I",0,"x","IGN","IGN","ALU","x","x","NONE","OR","x","RS1","RS2","x","x","x","x","x","NONE",0,0,0,0,"x","x","x","x",0,0,0,0
"AND","0000000_?????_?????_111_?????_01100","and $d, $1, $2","x",1,"I",1,"I",1,"I",0,"x","IGN","IGN","ALU","x","x","NONE","AND","x","RS1","RS2","x","x","x","x","x","NONE",0,0,0,0,"x","x","x","x",0,0,0,0
,,,,,,,,,,,,,,,,,,,,,,,,,,,,,,,,,,,,,,,
"'OP-IMM-type instructions",,,,,,,,,,,,,,,,,,,,,,,,,,,,,,,,,,,,,,,
"ADDI","???????_?????_?????_000_?????_00100","addi $d, $1, $i","I",1,"I",1,"I",0,"x",0,"x","IGN","IGN","ALU","x","x","NONE","ADDY","ADD","RS1","IMM","x","x","x","x","x","NONE",0,0,0,0,"x","x","x","x",0,0,0,0
"SLLI","0000000_?????_?????_001_?????_00100","slli $d, $1, $i","I",1,"I",1,"I",0,"x",0,"x","IGN","IGN","ALU","x","x","NONE","SLL","x","RS1","IMM","x","x","x","x","x","NONE",0,0,0,0,"x","x","x","x",0,0,0,0
"SLTI","???????_?????_?????_010_?????_00100","slti $d, $1, $i","I",1,"I",1,"I",0,"x",0,"x","IGN","IGN","ALU","x","x","NONE","SLT","x","RS1","IMM","x","x","x","x","x","NONE",0,0,0,0,"x","x","x","x",0,0,0,0
"SLTIU","???????_?????_?????_011_?????_00100","sltiu $d, $1, $i","I",1,"I",1,"I",0,"x",0,"x","IGN","IGN","ALU","x","x","NONE","SLTU","x","RS1","IMM","x","x","x","x","x","NONE",0,0,0,0,"x","x","x","x",0,0,0,0
"XORI","???????_?????_?????_100_?????_00100","xori $d, $1, $i","I",1,"I",1,"I",0,"x",0,"x","IGN","IGN","ALU","x","x","NONE","XOR","x","RS1","IMM","x","x","x","x","x","NONE",0,0,0,0,"x","x","x","x",0,0,0,0
"SRLI","0000000_?????_?????_101_?????_00100","srli $d, $1, $i","I",1,"I",1,"I",0,"x",0,"x","IGN","IGN","ALU","x","x","NONE","SRL","x","RS1","IMM","x","x","x","x","x","NONE",0,0,0,0,"x","x","x","x",0,0,0,0
"SRAI","0100000_?????_?????_101_?????_00100","srai $d, $1, $i","I",1,"I",1,"I",0,"x",0,"x","IGN","IGN","ALU","x","x","NONE","SRA","x","RS1","IMM","x","x","x","x","x","NONE",0,0,0,0,"x","x","x","x",0,0,0,0
"ORI","???????_?????_?????_110_?????_00100","ori $d, $1, $i","I",1,"I",1,"I",0,"x",0,"x","IGN","IGN","ALU","x","x","NONE","OR","x","RS1","IMM","x","x","x","x","x","NONE",0,0,0,0,"x","x","x","x",0,0,0,0
"ANDI","???????_?????_?????_111_?????_00100","andi $d, $1, $i","I",1,"I",1,"I",0,"x",0,"x","IGN","IGN","ALU","x","x","NONE","AND","x","RS1","IMM","x","x","x","x","x","NONE",0,0,0,0,"x","x","x","x",0,0,0,0
,,,,,,,,,,,,,,,,,,,,,,,,,,,,,,,,,,,,,,,
"'Branch operations",,,,,,,,,,,,,,,,,,,,,,,,,,,,,,,,,,,,,,,
"'BEQ","???????_?????_?????_000_?????_11000","beq $1, $2, $p","B",0,"x",1,"I",1,"I",0,"x","IGN","IGN",,"x","x","NONE","ADDY","SUB","RS1","RS2","x","x","x","x","x","BEQ",0,0,0,0,"x","x","x","x",0,0,0,0
"'BNE","???????_?????_?????_001_?????_11000","bne $1, $2, $p","B",0,"x",1,"I",1,"I",0,"x","IGN","IGN",,"x","x","NONE","ADDY","SUB","RS1","RS2","x","x","x","x","x","BNE",0,0,0,0,"x","x","x","x",0,0,0,0
"'BLT","???????_?????_?????_100_?????_11000","blt $1, $2, $p","B",0,"x",1,"I",1,"I",0,"x","IGN","IGN",,"x","x","NONE","SLT","x","RS1","RS2","x","x","x","x","x","BLT",0,0,0,0,"x","x","x","x",0,0,0,0
"'BGE","???????_?????_?????_101_?????_11000","bge $1, $2, $p","B",0,"x",1,"I",1,"I",0,"x","IGN","IGN",,"x","x","NONE","SLT","x","RS1","RS2","x","x","x","x","x","BGE",0,0,0,0,"x","x","x","x",0,0,0,0
"'BLTU","???????_?????_?????_110_?????_11000","bltu $1, $2, $p","B",0,"x",1,"I",1,"I",0,"x","IGN","IGN",,"x","x","NONE","SLTU","x","RS1","RS2","x","x","x","x","x","BLTU",0,0,0,0,"x","x","x","x",0,0,0,0
"'BGEU","???????_?????_?????_111_?????_11000","bgeu $1, $2, $p","B",0,"x",1,"I",1,"I",0,"x","IGN","IGN",,"x","x","NONE","SLTU","x","RS1","RS2","x","x","x","x","x","BGEU",0,0,0,0,"x","x","x","x",0,0,0,0
,,,,,,,,,,,,,,,,,,,,,,,,,,,,,,,,,,,,,,,
"'Jump operations",,,,,,,,,,,,,,,,,,,,,,,,,,,,,,,,,,,,,,,
"JAL","???????_?????_?????_???_?????_11011","jal $d, $p","J",1,"I",0,"x",0,"x",0,"x","IGN","IGN","BJU","x","x","NONE","x","x","x","x","x","x","x","x","x","JAL",0,0,0,0,"x","x","x","x",0,0,0,0
"'JALR","???????_?????_?????_000_?????_11001","jalr $d, $i($1)","I",1,"I",1,"I",0,"x",0,"x","IGN","IGN",,"x","x","NONE","ADDY","ADD","RS1","IMM","x","x","x","x","x","JALR",0,0,0,0,"x","x","x","x",1,0,0,0
,,,,,,,,,,,,,,,,,,,,,,,,,,,,,,,,,,,,,,,
"'LUI and AUIPC`",,,,,,,,,,,,,,,,,,,,,,,,,,,,,,,,,,,,,,,
"LUI","???????_?????_?????_???_?????_01101","lui $d, $i","U",1,"I",0,"x",0,"x",0,"x","IGN","IGN","ALU","x","x","NONE","OP2","x","x","IMM","x","x","x","x","x","NONE",0,0,0,0,"x","x","x","x",0,0,0,0
"AUIPC","???????_?????_?????_???_?????_00101","auipc $d, $i","U",1,"I",0,"x",0,"x",0,"x","IGN","IGN","ALU","x","x","NONE","ADDY","ADD","PC","IMM","x","x","x","x","x","NONE",0,0,0,0,"x","x","x","x",0,0,0,0
,,,,,,,,,,,,,,,,,,,,,,,,,,,,,,,,,,,,,,,
"'Memory operations",,,,,,,,,,,,,,,,,,,,,,,,,,,,,,,,,,,,,,,
"'LB","???????_?????_?????_000_?????_00000","lb $d, $i($1)","I",1,"I",1,"I",0,"x",0,"x","IGN","IGN",,"x","x","NONE","ADDY","ADD","RS1","IMM","x","x","x","x","x","NONE",0,0,0,1,"LOAD","BYTE","x","SIGN",0,0,0,0
"'LH","???????_?????_?????_001_?????_00000","lh $d, $i($1)","I",1,"I",1,"I",0,"x",0,"x","IGN","IGN",,"x","x","NONE","ADDY","ADD","RS1","IMM","x","x","x","x","x","NONE",0,0,0,1,"LOAD","HALF","x","SIGN",0,0,0,0
"'LW","???????_?????_?????_010_?????_00000","lw $d, $i($1)","I",1,"I",1,"I",0,"x",0,"x","IGN","IGN",,"x","x","NONE","ADDY","ADD","RS1","IMM","x","x","x","x","x","NONE",0,0,0,1,"LOAD","WORD","x","x",0,0,0,0
"'FLW","???????_?????_?????_010_?????_00001","flw $d, $i($1)","I",1,"F",1,"I",0,"x",0,"x","IGN","IGN",,"x","x","NONE","ADDY","ADD","RS1","IMM","x","x","x","x","x","NONE",0,0,0,1,"LOAD","WORD","x","x",0,0,0,0
"'LBU","???????_?????_?????_100_?????_00000","lbu $d, $i($1)","I",1,"I",1,"I",0,"x",0,"x","IGN","IGN",,"x","x","NONE","ADDY","ADD","RS1","IMM","x","x","x","x","x","NONE",0,0,0,1,"LOAD","BYTE","x","ZERO",0,0,0,0
"'LHU","???????_?????_?????_101_?????_00000","lhu $d, $i($1)","I",1,"I",1,"I",0,"x",0,"x","IGN","IGN",,"x","x","NONE","ADDY","ADD","RS1","IMM","x","x","x","x","x","NONE",0,0,0,1,"LOAD","HALF","x","ZERO",0,0,0,0
"'SB","???????_?????_?????_000_?????_01000","sb $2, $i($1)","S",0,"x",1,"I",1,"I",0,"x","IGN","IGN",,"x","x","NONE","ADDY","ADD","RS1","IMM","x","x","x","x","x","NONE",0,0,0,1,"STORE","BYTE","RS2","x",0,0,0,0
"'SH","???????_?????_?????_001_?????_01000","sh $2, $i($1)","S",0,"x",1,"I",1,"I",0,"x","IGN","IGN",,"x","x","NONE","ADDY","ADD","RS1","IMM","x","x","x","x","x","NONE",0,0,0,1,"STORE","HALF","RS2","x",0,0,0,0
"'SW","???????_?????_?????_010_?????_01000","sw $2, $i($1)","S",0,"x",1,"I",1,"I",0,"x","IGN","IGN",,"x","x","NONE","ADDY","ADD","RS1","IMM","x","x","x","x","x","NONE",0,0,0,1,"STORE","WORD","RS2","x",0,0,0,0
"'FSW","???????_?????_?????_010_?????_01001","fsw $2, $i($1)","S",0,"x",1,"I",1,"F",0,"x","IGN","IGN",,"x","x","NONE","ADDY","ADD","RS1","IMM","x","x","x","x","x","NONE",0,0,0,1,"STORE","WORD","RS2","x",0,0,0,0
,,,,,,,,,,,,,,,,,,,,,,,,,,,,,,,,,,,,,,,
"'LR/SC",,,,,,,,,,,,,,,,,,,,,,,,,,,,,,,,,,,,,,,
"'LR","00010??_00000_?????_010_?????_01011","lr.w $d, ($1)","x",1,"I",1,"I",0,"x",0,"x","IGN","IGN",,"x","x","NONE","OP1","x","RS1","x","x","x","x","x","x","NONE",0,0,0,1,"LOAD","WORD","x","x",0,1,0,0
"'SC","00011??_?????_?????_010_?????_01011","sc.w $d, $2, ($1)","x",1,"I",1,"I",1,"I",0,"x","IGN","IGN",,"x","x","NONE","OP1","x","RS1","x","x","x","x","x","x","NONE",0,0,0,1,"STORE","WORD","RS2","x",0,0,1,0
,,,,,,,,,,,,,,,,,,,,,,,,,,,,,,,,,,,,,,,
"'Barrier operations",,,,,,,,,,,,,,,,,,,,,,,,,,,,,,,,,,,,,,,
"'BINIT","???????_?????_?????_001_00000_00010","binit $i($1)","I",0,"x",1,"I",0,"x",0,"x","IGN","IGN",,"x","x","NONE","ADDY","ADD","RS1","IMM","x","x","x","x","x","NONE",0,0,0,1,"STORE","WORD","BINIT","x",0,0,0,0
"'BSYNC_0","???????_?????_?????_010_00000_00010","bsync $i($1)","I",0,"x",1,"I",0,"x",0,"x","IGN","IGN",,"x","x","NONE","ADDY","ADD","RS1","IMM","x","x","x","x","x","NONE",1,0,0,1,"LOAD","WORD","x","x",0,0,0,0
"'~BSYNC_1",,"bsync $i($1)","I",0,"x",1,"I",0,"x",0,"x","IGN","IGN",,"x","x","NONE","ADDY","ADD","RS1","IMM","x","x","x","x","x","NONE",0,1,0,1,"STORE","WORD","BSYNC","x",0,0,0,0
"'YIELD","0000000_00000_00000_100_00000_00010","yield","x",0,"x",0,"x",0,"x",0,"x","IGN","IGN",,"x","x","NONE","x","x","x","x","x","x","x","x","x","NONE",0,0,1,0,"x","x","x","x",0,0,0,0
,,,,,,,,,,,,,,,,,,,,,,,,,,,,,,,,,,,,,,,
"'CSR operations",,,,,,,,,,,,,,,,,,,,,,,,,,,,,,,,,,,,,,,
"'CSR_MHARTID","1111000_10100_?????_???_?????_11100","csrr $d, mhartid","x",1,"I",0,"x",0,"x",0,"x","IGN","IGN","ALU","x","x","NONE","HARTID","x","x","x","x","x","x","x","x","NONE",0,0,0,0,"x","x","x","x",0,0,0,0
"'CSR_XWARPID","1100110_00000_?????_???_?????_11100","csrr $d, xwarpid","x",1,"I",0,"x",0,"x",0,"x","IGN","IGN","ALU","x","x","NONE","WARPID","x","x","x","x","x","x","x","x","NONE",0,0,0,0,"x","x","x","x",0,0,0,0
"'CSR_XTHRID","1100110_00001_?????_???_?????_11100","csrr $d, xthrid","x",1,"I",0,"x",0,"x",0,"x","IGN","IGN","ALU","x","x","NONE","THRID","x","x","x","x","x","x","x","x","NONE",0,0,0,0,"x","x","x","x",0,0,0,0
"'CSR_XROLE","1100110_00010_?????_???_?????_11100","csrr $d, xrole","x",1,"I",0,"x",0,"x",0,"x","IGN","IGN","ALU","x","x","NONE","x","x","x","x","x","x","x","x","x","NONE",0,0,0,0,"x","x","x","x",0,0,0,0
,,,,,,,,,,,,,,,,,,,,,,,,,,,,,,,,,,,,,,,
"'CSR_CYCLETIME","1100000_0000?_?????_???_?????_11100","csrr $d, cycle|time","x",1,"I",0,"x",0,"x",0,"x","IGN","IGN","ALU","x","x","NONE","CYCLETIME","x","x","x","x","x","x","x","x","NONE",0,0,0,0,"x","x","x","x",0,0,0,0
"'CSR_CYCLETIMEH","1100100_0000?_?????_???_?????_11100","csrr $d, cycleh|timeh","x",1,"I",0,"x",0,"x",0,"x","IGN","IGN","ALU","x","x","NONE","CYCLETIMEH","x","x","x","x","x","x","x","x","NONE",0,0,0,0,"x","x","x","x",0,0,0,0
"'CSR_INSTRET","1100000_00010_?????_???_?????_11100","csrr $d, instret","x",1,"I",0,"x",0,"x",0,"x","IGN","IGN","ALU","x","x","NONE","INSTRET","x","x","x","x","x","x","x","x","NONE",0,0,0,0,"x","x","x","x",0,0,0,0
"'CSR_INSTRETH","1100100_00010_?????_???_?????_11100","csrr $d, instreth","x",1,"I",0,"x",0,"x",0,"x","IGN","IGN","ALU","x","x","NONE","INSTRETH","x","x","x","x","x","x","x","x","NONE",0,0,0,0,"x","x","x","x",0,0,0,0
"'CSR_WUINSTRET","1100000_00011_?????_???_?????_11100","csrr $d, wuinstret","x",1,"I",0,"x",0,"x",0,"x","IGN","IGN","ALU","x","x","NONE","WUINSTRET","x","x","x","x","x","x","x","x","NONE",0,0,0,0,"x","x","x","x",0,0,0,0
"'CSR_WUINSTRETH","1100100_00011_?????_???_?????_11100","csrr $d, wuinstreth","x",1,"I",0,"x",0,"x",0,"x","IGN","IGN","ALU","x","x","NONE","WUINSTRETH","x","x","x","x","x","x","x","x","NONE",0,0,0,0,"x","x","x","x",0,0,0,0
"'CSR_WTINSTRET","1100000_00100_?????_???_?????_11100","csrr $d, wtinstret","x",1,"I",0,"x",0,"x",0,"x","IGN","IGN","ALU","x","x","NONE","WTINSTRET","x","x","x","x","x","x","x","x","NONE",0,0,0,0,"x","x","x","x",0,0,0,0
"'CSR_WTINSTRETH","1100100_00100_?????_???_?????_11100","csrr $d, wtinstreth","x",1,"I",0,"x",0,"x",0,"x","IGN","IGN","ALU","x","x","NONE","WTINSTRETH","x","x","x","x","x","x","x","x","NONE",0,0,0,0,"x","x","x","x",0,0,0,0
,,,,,,,,,,,,,,,,,,,,,,,,,,,,,,,,,,,,,,,
"'CSR_OTHER","???????_?????_?????_???_?????_11100","csrr $d, $i","x",1,"I",0,"x",0,"x",0,"x","IGN","IGN","ALU","x","x","NONE","ZERO","x","x","x","x","x","x","x","x","NONE",0,0,0,0,"x","x","x","x",0,0,0,0
,,,,,,,,,,,,,,,,,,,,,,,,,,,,,,,,,,,,,,,
"'FENCE operations (NOP)",,,,,,,,,,,,,,,,,,,,,,,,,,,,,,,,,,,,,,,
"'FENCE","????????????_?????_000_?????_00011","fence","x",0,"x",0,"x",0,"x",0,"x","IGN","IGN",,"x","x","NONE","x","x","x","x","x","x","x","x","x","NONE",0,0,0,0,"x","x","x","x",0,0,0,0
,,,,,,,,,,,,,,,,,,,,,,,,,,,,,,,,,,,,,,,
"'Zicond operations",,,,,,,,,,,,,,,,,,,,,,,,,,,,,,,,,,,,,,,
"CZERO_EQZ","0000111_?????_?????_101_?????_01100","czero.eqz $d, $1, $2","x",1,"I",1,"I",1,"I",0,"x","IGN","IGN","ALU","x","x","NONE","CZERO_EQZ","x","RS1","RS2","x","x","x","x","x","NONE",0,0,0,0,"x","x","x","x",0,0,0,0
"CZERO_NEZ","0000111_?????_?????_111_?????_01100","czero.nez $d, $1, $2","x",1,"I",1,"I",1,"I",0,"x","IGN","IGN","ALU","x","x","NONE","CZERO_NEZ","x","RS1","RS2","x","x","x","x","x","NONE",0,0,0,0,"x","x","x","x",0,0,0,0
,,,,,,,,,,,,,,,,,,,,,,,,,,,,,,,,,,,,,,,
"'Done signal (slti x0","x0","0)",,,,,,,,,,,,,,,,,,,,,,,,,,,,,,,,,,,,,
"'WDONE","0000000_00000_00000_010_00000_00100","wdone","I",1,"I",0,"x",0,"x",0,"x","IGN","IGN","ALU","x","x","NONE","SLT","x","RS1","IMM","x","x","x","x","x","NONE",0,0,0,0,"x","x","x","x",0,0,0,1
,,,,,,,,,,,,,,,,,,,,,,,,,,,,,,,,,,,,,,,
"'Floating non-FMA ADDMUL",,,,,,,,,,,,,,,,,,,,,,,,,,,,,,,,,,,,,,,
"FADD_S","0000000_?????_?????_???_?????_10100","fadd.s $d, $1, $2, $r","x",1,"F",1,"F",1,"F",0,"x","AQ","CK","FPU","x","x","ACC_FPU_STATUS","x","x","x","x","ADD",0,"x","RS1","RS2","NONE",0,0,0,0,"x","x","x","x",0,0,0,0
"FSUB_S","0000100_?????_?????_???_?????_10100","fsub.s $d, $1, $2, $r","x",1,"F",1,"F",1,"F",0,"x","AQ","CK","FPU","x","x","ACC_FPU_STATUS","x","x","x","x","ADD",1,"x","RS1","RS2","NONE",0,0,0,0,"x","x","x","x",0,0,0,0
"FMUL_S","0001000_?????_?????_???_?????_10100","fmul.s $d, $1, $2, $r","x",1,"F",1,"F",1,"F",0,"x","AQ","CK","FPU","x","x","ACC_FPU_STATUS","x","x","x","x","MUL",0,"RS1","RS2","x","NONE",0,0,0,0,"x","x","x","x",0,0,0,0
,,,,,,,,,,,,,,,,,,,,,,,,,,,,,,,,,,,,,,,
"'Floating FMA",,,,,,,,,,,,,,,,,,,,,,,,,,,,,,,,,,,,,,,
"FMADD_S","?????_00_?????_?????_???_?????_10000","fmadd.s $d, $1, $2, $3, $r","x",1,"F",1,"F",1,"F",1,"F","AQ","CK","FPU","x","x","ACC_FPU_STATUS","x","x","x","x","FMADD",0,"RS1","RS2","RS3","NONE",0,0,0,0,"x","x","x","x",0,0,0,0
"FMSUB_S","?????_00_?????_?????_???_?????_10001","fmsub.s $d, $1, $2, $3, $r","x",1,"F",1,"F",1,"F",1,"F","AQ","CK","FPU","x","x","ACC_FPU_STATUS","x","x","x","x","FMADD",1,"RS1","RS2","RS3","NONE",0,0,0,0,"x","x","x","x",0,0,0,0
"FNMSUB_S","?????_00_?????_?????_???_?????_10010","fnmsub.s $d, $1, $2, $3, $r","x",1,"F",1,"F",1,"F",1,"F","AQ","CK","FPU","x","x","ACC_FPU_STATUS","x","x","x","x","FNMSUB",0,"RS1","RS2","RS3","NONE",0,0,0,0,"x","x","x","x",0,0,0,0
"FNMADD_S","?????_00_?????_?????_???_?????_10011","fnmadd.s $d, $1, $2, $3, $r","x",1,"F",1,"F",1,"F",1,"F","AQ","CK","FPU","x","x","ACC_FPU_STATUS","x","x","x","x","FNMSUB",1,"RS1","RS2","RS3","NONE",0,0,0,0,"x","x","x","x",0,0,0,0
,,,,,,,,,,,,,,,,,,,,,,,,,,,,,,,,,,,,,,,
"'Floating DIVSQRT",,,,,,,,,,,,,,,,,,,,,,,,,,,,,,,,,,,,,,,
"FDIV_S","0001100_?????_?????_???_?????_10100","fdiv.s $d, $1, $2. $r","x",1,"F",1,"F",1,"F",0,"x","AQ","CK","FPU","x","x","ACC_FPU_STATUS","x","x","x","x","DIV",0,"RS1","RS2","x","NONE",0,0,0,0,"x","x","x","x",0,0,0,0
"FSQRT_S","0101100_00000_?????_???_?????_10100","fsqrt.s $d, $1, $r","x",1,"F",1,"F",1,"F",0,"x","AQ","CK","FPU","x","x","ACC_FPU_STATUS","x","x","x","x","SQRT",0,"RS1","x","x","NONE",0,0,0,0,"x","x","x","x",0,0,0,0
,,,,,,,,,,,,,,,,,,,,,,,,,,,,,,,,,,,,,,,
"'Floating NONCOMP",,,,,,,,,,,,,,,,,,,,,,,,,,,,,,,,,,,,,,,
"FMINMAX_S","0010100_?????_?????_00?_?????_10100","fminmax.s $d, $1, $2, $m","x",1,"F",1,"F",1,"F",0,"x","AQ","IGN","FPU","x","x","ACC_FPU_STATUS","x","x","x","x","MINMAX",0,"RS1","RS2","x","NONE",0,0,0,0,"x","x","x","x",0,0,0,0
"FSGNJ_S","0010000_?????_?????_0??_?????_10100","fsgnj(n|x).s $d, $1, $2, $s","x",1,"F",1,"F",1,"F",0,"x","IGN","IGN","FPU","x","x","NONE","x","x","x","x","SGNJ",0,"RS1","RS2","x","NONE",0,0,0,0,"x","x","x","x",0,0,0,0
"FCMP_S","1010000_?????_?????_0??_?????_10100","fcmp.s $d, $1, $2, $c","x",1,"I",1,"F",1,"F",0,"x","AQ","IGN","FPU","x","x","ACC_FPU_STATUS","x","x","x","x","CMP",0,"RS1","RS2","x","NONE",0,0,0,0,"x","x","x","x",0,0,0,0
"FCLASS_S","1110000_00000_?????_001_?????_10100","fclass.s $d, $1","x",1,"I",1,"F",0,"x",0,"x","IGN","IGN","FPU","x","x","NONE","x","x","x","x","CLASSIFY",0,"RS1","x","x","NONE",0,0,0,0,"x","x","x","x",0,0,0,0
,,,,,,,,,,,,,,,,,,,,,,,,,,,,,,,,,,,,,,,
"'Floating CONV",,,,,,,,,,,,,,,,,,,,,,,,,,,,,,,,,,,,,,,
"FCVT_W_S","1100000_00000_?????_???_?????_10100","fcvt.w.s $d, $1, $r","x",1,"I",1,"F",0,"x",0,"x","AQ","CK","FPU","x","x","ACC_FPU_STATUS","x","x","x","x","F2I",0,"RS1","x","x","NONE",0,0,0,0,"x","x","x","x",0,0,0,0
"FCVT_WU_S","1100000_00001_?????_???_?????_10100","fcvt.wu.s $d, $1, $r","x",1,"I",1,"F",0,"x",0,"x","AQ","CK","FPU","x","x","ACC_FPU_STATUS","x","x","x","x","F2I",1,"RS1","x","x","NONE",0,0,0,0,"x","x","x","x",0,0,0,0
"FCVT_S_W","1101000_00000_?????_???_?????_10100","fcvt.s.w $d, $1, $r","x",1,"F",1,"I",0,"x",0,"x","AQ","CK","FPU","x","x","ACC_FPU_STATUS","x","x","x","x","I2F",0,"RS1","x","x","NONE",0,0,0,0,"x","x","x","x",0,0,0,0
"FCVT_S_WU","1101000_00001_?????_???_?????_10100","fcvt.s.wu $d, $1, $r","x",1,"F",1,"I",0,"x",0,"x","AQ","CK","FPU","x","x","ACC_FPU_STATUS","x","x","x","x","I2F",1,"RS1","x","x","NONE",0,0,0,0,"x","x","x","x",0,0,0,0
,,,,,,,,,,,,,,,,,,,,,,,,,,,,,,,,,,,,,,,
"'Floating-integer move",,,,,,,,,,,,,,,,,,,,,,,,,,,,,,,,,,,,,,,
"FMV_W_X","1111000_00000_?????_000_?????_10100","fmv.w.x $d, $1","x",1,"F",1,"I",0,"x",0,"x","IGN","IGN","ALU","x","x","NONE","ADDY","ADD","RS1","RS2","x","x","x","x","x","NONE",0,0,0,0,"x","x","x","x",0,0,0,0
"FMV_X_W","1110000_00000_?????_000_?????_10100","fmv.x.w $d, $1","x",1,"I",1,"F",0,"x",0,"x","IGN","IGN","ALU","x","x","NONE","ADDY","ADD","RS1","RS2","x","x","x","x","x","NONE",0,0,0,0,"x","x","x","x",0,0,0,0
,,,,,,,,,,,,,,,,,,,,,,,,,,,,,,,,,,,,,,,
"'F-extension CSRs",,,,,,,,,,,,,,,,,,,,,,,,,,,,,,,,,,,,,,,
"CSRRW_FFLAGS","0000_0000_0001_?????_001_?????_11100","csrrw $d, $1, fflags","x",1,"I",1,"I",0,"x",0,"x","CKAQ","IGN","CSRR","FFLAGS","WRITE","CSRW","x","x","x","x","x","x","x","x","x","NONE",0,0,0,0,"x","x","x","x",0,0,0,0
"'CSRRW_FRM","0000_0000_0010_?????_001_?????_11100","csrrw $d, $1, frm","x",1,"I",1,"I",0,"x",0,"x","IGN","CKAQ","CSRR","FRM","WRITE","NONE","x","x","x","x","x","x","x","x","x","NONE",0,0,0,0,"x","x","x","x",0,0,0,0
"'CSRRW_FCSR","0000_0000_0011_?????_001_?????_11100","csrrw $d, $1, fcsr","x",1,"I",1,"I",0,"x",0,"x","CKAQ","CKAQ","CSRR","FCSR","WRITE","CSRW","x","x","x","x","x","x","x","x","x","NONE",0,0,0,0,"x","x","x","x",0,0,0,0
